manufacturer_processed,t_cap,t_hh,t_rd,t_rsa,rotor_weight,turbine_blade_weight
other,100.0,37.0,21.0,346.36,3.7098618,0.61831033
other,100.0,,21.0,346.36,3.7098618,0.61831033
vergnet,275.0,32.0,29.0,660.52,2.9267402,0.48779005
vergnet,275.0,32.0,29.0,660.52,2.9267402,0.48779005
vergnet,275.0,32.0,29.0,660.52,2.9267402,0.48779005
fuhrlander,250.0,40.0,29.0,660.52,4.110143,0.6850239
vergnet,275.0,32.0,29.0,660.52,2.9267402,0.48779005
vestas,660.0,65.0,47.0,1734.94,11.113601,1.8522668
vestas,660.0,65.0,47.0,1734.94,11.113601,1.8522668
vestas,660.0,65.0,47.0,1734.94,11.113601,1.8522668
vestas,660.0,65.0,47.0,1734.94,11.113601,1.8522668
vestas,660.0,65.0,47.0,1734.94,11.113601,1.8522668
vestas,660.0,65.0,47.0,1734.94,11.113601,1.8522668
vestas,660.0,65.0,47.0,1734.94,11.113601,1.8522668
vestas,660.0,65.0,47.0,1734.94,11.113601,1.8522668
vestas,660.0,65.0,47.0,1734.94,11.113601,1.8522668
vestas,660.0,65.0,47.0,1734.94,11.113601,1.8522668
other,850.0,55.0,58.0,2642.08,15.699421,2.6165702
vestas,1650.0,67.0,66.0,3421.19,25.197912,4.199652
vestas,1650.0,67.0,66.0,3421.19,25.197912,4.199652
vestas,1650.0,67.0,66.0,3421.19,25.197912,4.199652
vestas,1650.0,67.0,66.0,3421.19,25.197912,4.199652
vestas,1650.0,67.0,66.0,3421.19,25.197912,4.199652
vestas,1650.0,67.0,66.0,3421.19,25.197912,4.199652
vestas,1650.0,67.0,66.0,3421.19,25.197912,4.199652
ge wind,1500.0,65.0,70.5,3903.63,26.31323,4.3855386
ge wind,1500.0,65.0,70.5,3903.63,26.31323,4.3855386
ge wind,1500.0,65.0,70.5,3903.63,26.31323,4.3855386
ge wind,1500.0,65.0,70.5,3903.63,26.31323,4.3855386
ge wind,1500.0,65.0,70.5,3903.63,26.31323,4.3855386
ge wind,1500.0,65.0,70.5,3903.63,26.31323,4.3855386
ge wind,1500.0,65.0,70.5,3903.63,26.31323,4.3855386
ge wind,1500.0,65.0,70.5,3903.63,26.31323,4.3855386
ge wind,1500.0,65.0,70.5,3903.63,26.31323,4.3855386
ge wind,1500.0,65.0,70.5,3903.63,26.31323,4.3855386
ge wind,1500.0,65.0,70.5,3903.63,26.31323,4.3855386
ge wind,1500.0,65.0,70.5,3903.63,26.31323,4.3855386
ge wind,1500.0,65.0,70.5,3903.63,26.31323,4.3855386
ge wind,1500.0,65.0,70.5,3903.63,26.31323,4.3855386
ge wind,1500.0,65.0,70.5,3903.63,26.31323,4.3855386
ge wind,1500.0,65.0,70.5,3903.63,26.31323,4.3855386
ge wind,1500.0,65.0,70.5,3903.63,26.31323,4.3855386
ge wind,1500.0,65.0,70.5,3903.63,26.31323,4.3855386
ge wind,1500.0,65.0,70.5,3903.63,26.31323,4.3855386
ge wind,1500.0,80.0,77.0,4656.63,29.608702,4.934784
ge wind,1500.0,80.0,77.0,4656.63,29.608702,4.934784
ge wind,1500.0,80.0,77.0,4656.63,29.608702,4.934784
ge wind,1500.0,80.0,77.0,4656.63,29.608702,4.934784
ge wind,1500.0,80.0,77.0,4656.63,29.608702,4.934784
ge wind,1500.0,80.0,77.0,4656.63,29.608702,4.934784
ge wind,1500.0,80.0,77.0,4656.63,29.608702,4.934784
ge wind,1500.0,80.0,77.0,4656.63,29.608702,4.934784
ge wind,1500.0,80.0,77.0,4656.63,29.608702,4.934784
ge wind,1500.0,80.0,77.0,4656.63,29.608702,4.934784
ge wind,1500.0,80.0,77.0,4656.63,29.608702,4.934784
ge wind,1500.0,80.0,77.0,4656.63,29.608702,4.934784
ge wind,1500.0,80.0,77.0,4656.63,29.608702,4.934784
ge wind,1500.0,80.0,77.0,4656.63,29.608702,4.934784
ge wind,1500.0,80.0,77.0,4656.63,29.608702,4.934784
ge wind,1500.0,80.0,77.0,4656.63,29.608702,4.934784
ge wind,1500.0,80.0,77.0,4656.63,29.608702,4.934784
ge wind,1500.0,80.0,77.0,4656.63,29.608702,4.934784
ge wind,1500.0,80.0,77.0,4656.63,29.608702,4.934784
ge wind,1500.0,80.0,77.0,4656.63,29.608702,4.934784
ge wind,1500.0,80.0,77.0,4656.63,29.608702,4.934784
ge wind,1500.0,80.0,77.0,4656.63,29.608702,4.934784
ge wind,1500.0,80.0,77.0,4656.63,29.608702,4.934784
ge wind,1500.0,80.0,77.0,4656.63,29.608702,4.934784
ge wind,1500.0,80.0,77.0,4656.63,29.608702,4.934784
ge wind,1500.0,80.0,77.0,4656.63,29.608702,4.934784
ge wind,1500.0,80.0,77.0,4656.63,29.608702,4.934784
ge wind,1500.0,80.0,77.0,4656.63,29.608702,4.934784
ge wind,1500.0,80.0,77.0,4656.63,29.608702,4.934784
ge wind,1500.0,80.0,77.0,4656.63,29.608702,4.934784
ge wind,1500.0,80.0,77.0,4656.63,29.608702,4.934784
ge wind,1500.0,80.0,77.0,4656.63,29.608702,4.934784
ge wind,1500.0,80.0,77.0,4656.63,29.608702,4.934784
ge wind,1500.0,80.0,77.0,4656.63,29.608702,4.934784
ge wind,1500.0,80.0,77.0,4656.63,29.608702,4.934784
ge wind,1500.0,80.0,77.0,4656.63,29.608702,4.934784
ge wind,1500.0,80.0,77.0,4656.63,29.608702,4.934784
ge wind,1500.0,80.0,77.0,4656.63,29.608702,4.934784
ge wind,1500.0,80.0,77.0,4656.63,29.608702,4.934784
ge wind,1500.0,80.0,77.0,4656.63,29.608702,4.934784
ge wind,1500.0,80.0,77.0,4656.63,29.608702,4.934784
ge wind,1500.0,80.0,77.0,4656.63,29.608702,4.934784
ge wind,1500.0,80.0,77.0,4656.63,29.608702,4.934784
ge wind,1500.0,80.0,77.0,4656.63,29.608702,4.934784
ge wind,1500.0,80.0,77.0,4656.63,29.608702,4.934784
ge wind,1500.0,80.0,77.0,4656.63,29.608702,4.934784
ge wind,1500.0,80.0,77.0,4656.63,29.608702,4.934784
ge wind,1500.0,80.0,77.0,4656.63,29.608702,4.934784
ge wind,1500.0,80.0,77.0,4656.63,29.608702,4.934784
ge wind,1500.0,80.0,77.0,4656.63,29.608702,4.934784
ge wind,1500.0,80.0,77.0,4656.63,29.608702,4.934784
ge wind,1500.0,80.0,77.0,4656.63,29.608702,4.934784
ge wind,1500.0,80.0,77.0,4656.63,29.608702,4.934784
ge wind,1500.0,80.0,77.0,4656.63,29.608702,4.934784
ge wind,1500.0,80.0,77.0,4656.63,29.608702,4.934784
ge wind,1500.0,80.0,77.0,4656.63,29.608702,4.934784
ge wind,1500.0,80.0,77.0,4656.63,29.608702,4.934784
ge wind,1500.0,80.0,77.0,4656.63,29.608702,4.934784
ge wind,1500.0,80.0,77.0,4656.63,29.608702,4.934784
ge wind,1500.0,80.0,77.0,4656.63,29.608702,4.934784
ge wind,1500.0,80.0,77.0,4656.63,29.608702,4.934784
ge wind,1500.0,80.0,77.0,4656.63,29.608702,4.934784
ge wind,1500.0,80.0,77.0,4656.63,29.608702,4.934784
ge wind,1500.0,80.0,77.0,4656.63,29.608702,4.934784
ge wind,1500.0,80.0,77.0,4656.63,29.608702,4.934784
ge wind,1500.0,80.0,77.0,4656.63,29.608702,4.934784
ge wind,1500.0,80.0,77.0,4656.63,29.608702,4.934784
ge wind,1500.0,80.0,77.0,4656.63,29.608702,4.934784
ge wind,1500.0,80.0,77.0,4656.63,29.608702,4.934784
ge wind,1500.0,80.0,77.0,4656.63,29.608702,4.934784
ge wind,1500.0,80.0,77.0,4656.63,29.608702,4.934784
ge wind,1500.0,80.0,77.0,4656.63,29.608702,4.934784
ge wind,1500.0,80.0,77.0,4656.63,29.608702,4.934784
ge wind,1500.0,80.0,77.0,4656.63,29.608702,4.934784
ge wind,1500.0,80.0,77.0,4656.63,29.608702,4.934784
ge wind,1500.0,80.0,77.0,4656.63,29.608702,4.934784
ge wind,1500.0,80.0,77.0,4656.63,29.608702,4.934784
ge wind,1500.0,80.0,77.0,4656.63,29.608702,4.934784
ge wind,1500.0,80.0,77.0,4656.63,29.608702,4.934784
ge wind,1500.0,80.0,77.0,4656.63,29.608702,4.934784
ge wind,1500.0,80.0,77.0,4656.63,29.608702,4.934784
ge wind,1500.0,80.0,77.0,4656.63,29.608702,4.934784
ge wind,1500.0,80.0,77.0,4656.63,29.608702,4.934784
ge wind,1500.0,80.0,77.0,4656.63,29.608702,4.934784
ge wind,1500.0,80.0,77.0,4656.63,29.608702,4.934784
ge wind,1500.0,80.0,77.0,4656.63,29.608702,4.934784
ge wind,1500.0,80.0,77.0,4656.63,29.608702,4.934784
ge wind,1500.0,80.0,77.0,4656.63,29.608702,4.934784
ge wind,1500.0,80.0,77.0,4656.63,29.608702,4.934784
ge wind,1500.0,80.0,77.0,4656.63,29.608702,4.934784
ge wind,1500.0,80.0,77.0,4656.63,29.608702,4.934784
ge wind,1500.0,80.0,77.0,4656.63,29.608702,4.934784
ge wind,1500.0,80.0,77.0,4656.63,29.608702,4.934784
ge wind,1500.0,80.0,77.0,4656.63,29.608702,4.934784
ge wind,1500.0,80.0,77.0,4656.63,29.608702,4.934784
ge wind,1500.0,80.0,77.0,4656.63,29.608702,4.934784
ge wind,1500.0,80.0,77.0,4656.63,29.608702,4.934784
ge wind,1500.0,80.0,77.0,4656.63,29.608702,4.934784
ge wind,1500.0,80.0,77.0,4656.63,29.608702,4.934784
ge wind,1500.0,80.0,77.0,4656.63,29.608702,4.934784
ge wind,1500.0,80.0,77.0,4656.63,29.608702,4.934784
ge wind,1500.0,80.0,77.0,4656.63,29.608702,4.934784
ge wind,1500.0,80.0,77.0,4656.63,29.608702,4.934784
ge wind,1500.0,80.0,77.0,4656.63,29.608702,4.934784
ge wind,1500.0,80.0,77.0,4656.63,29.608702,4.934784
ge wind,1500.0,80.0,77.0,4656.63,29.608702,4.934784
ge wind,1500.0,80.0,77.0,4656.63,29.608702,4.934784
ge wind,1500.0,80.0,77.0,4656.63,29.608702,4.934784
ge wind,1500.0,80.0,77.0,4656.63,29.608702,4.934784
ge wind,1500.0,80.0,77.0,4656.63,29.608702,4.934784
ge wind,1500.0,80.0,77.0,4656.63,29.608702,4.934784
ge wind,1500.0,80.0,77.0,4656.63,29.608702,4.934784
ge wind,1500.0,80.0,77.0,4656.63,29.608702,4.934784
ge wind,1500.0,80.0,77.0,4656.63,29.608702,4.934784
ge wind,1500.0,80.0,77.0,4656.63,29.608702,4.934784
ge wind,1500.0,80.0,77.0,4656.63,29.608702,4.934784
ge wind,1500.0,80.0,77.0,4656.63,29.608702,4.934784
ge wind,1500.0,80.0,77.0,4656.63,29.608702,4.934784
ge wind,1500.0,80.0,77.0,4656.63,29.608702,4.934784
ge wind,1500.0,80.0,77.0,4656.63,29.608702,4.934784
ge wind,1500.0,80.0,77.0,4656.63,29.608702,4.934784
ge wind,1500.0,80.0,77.0,4656.63,29.608702,4.934784
ge wind,1500.0,80.0,77.0,4656.63,29.608702,4.934784
ge wind,1500.0,80.0,77.0,4656.63,29.608702,4.934784
ge wind,1500.0,80.0,77.0,4656.63,29.608702,4.934784
ge wind,1500.0,80.0,77.0,4656.63,29.608702,4.934784
ge wind,1500.0,80.0,77.0,4656.63,29.608702,4.934784
ge wind,1500.0,80.0,77.0,4656.63,29.608702,4.934784
ge wind,1500.0,80.0,77.0,4656.63,29.608702,4.934784
ge wind,1500.0,80.0,77.0,4656.63,29.608702,4.934784
ge wind,1500.0,80.0,77.0,4656.63,29.608702,4.934784
ge wind,1500.0,80.0,77.0,4656.63,29.608702,4.934784
ge wind,1500.0,80.0,77.0,4656.63,29.608702,4.934784
ge wind,1500.0,80.0,77.0,4656.63,29.608702,4.934784
ge wind,1500.0,80.0,77.0,4656.63,29.608702,4.934784
ge wind,1500.0,80.0,77.0,4656.63,29.608702,4.934784
ge wind,1500.0,80.0,77.0,4656.63,29.608702,4.934784
ge wind,1500.0,80.0,77.0,4656.63,29.608702,4.934784
ge wind,1500.0,80.0,77.0,4656.63,29.608702,4.934784
ge wind,1500.0,80.0,77.0,4656.63,29.608702,4.934784
ge wind,1500.0,80.0,77.0,4656.63,29.608702,4.934784
ge wind,1500.0,80.0,77.0,4656.63,29.608702,4.934784
ge wind,1500.0,80.0,77.0,4656.63,29.608702,4.934784
ge wind,1500.0,80.0,77.0,4656.63,29.608702,4.934784
ge wind,1500.0,80.0,77.0,4656.63,29.608702,4.934784
ge wind,1500.0,80.0,77.0,4656.63,29.608702,4.934784
ge wind,1500.0,80.0,77.0,4656.63,29.608702,4.934784
ge wind,1500.0,80.0,77.0,4656.63,29.608702,4.934784
ge wind,1500.0,80.0,77.0,4656.63,29.608702,4.934784
ge wind,1500.0,80.0,77.0,4656.63,29.608702,4.934784
ge wind,1500.0,80.0,77.0,4656.63,29.608702,4.934784
ge wind,1500.0,80.0,77.0,4656.63,29.608702,4.934784
ge wind,1500.0,80.0,77.0,4656.63,29.608702,4.934784
ge wind,1500.0,80.0,77.0,4656.63,29.608702,4.934784
ge wind,1500.0,80.0,77.0,4656.63,29.608702,4.934784
ge wind,1500.0,80.0,77.0,4656.63,29.608702,4.934784
ge wind,1500.0,80.0,77.0,4656.63,29.608702,4.934784
ge wind,1500.0,80.0,77.0,4656.63,29.608702,4.934784
ge wind,1500.0,80.0,77.0,4656.63,29.608702,4.934784
ge wind,1500.0,80.0,77.0,4656.63,29.608702,4.934784
ge wind,1500.0,80.0,77.0,4656.63,29.608702,4.934784
ge wind,1500.0,80.0,77.0,4656.63,29.608702,4.934784
ge wind,1500.0,80.0,77.0,4656.63,29.608702,4.934784
ge wind,1500.0,80.0,77.0,4656.63,29.608702,4.934784
ge wind,1500.0,80.0,77.0,4656.63,29.608702,4.934784
ge wind,1500.0,80.0,77.0,4656.63,29.608702,4.934784
ge wind,1500.0,80.0,77.0,4656.63,29.608702,4.934784
ge wind,1500.0,80.0,77.0,4656.63,29.608702,4.934784
ge wind,1500.0,80.0,77.0,4656.63,29.608702,4.934784
ge wind,1500.0,80.0,77.0,4656.63,29.608702,4.934784
ge wind,1500.0,80.0,77.0,4656.63,29.608702,4.934784
ge wind,1500.0,80.0,77.0,4656.63,29.608702,4.934784
ge wind,1500.0,80.0,77.0,4656.63,29.608702,4.934784
ge wind,1500.0,80.0,77.0,4656.63,29.608702,4.934784
ge wind,1500.0,80.0,77.0,4656.63,29.608702,4.934784
ge wind,1500.0,80.0,77.0,4656.63,29.608702,4.934784
ge wind,1500.0,80.0,77.0,4656.63,29.608702,4.934784
ge wind,1500.0,80.0,77.0,4656.63,29.608702,4.934784
ge wind,1500.0,80.0,77.0,4656.63,29.608702,4.934784
ge wind,1500.0,80.0,77.0,4656.63,29.608702,4.934784
ge wind,1500.0,80.0,77.0,4656.63,29.608702,4.934784
ge wind,1500.0,80.0,77.0,4656.63,29.608702,4.934784
ge wind,1500.0,80.0,77.0,4656.63,29.608702,4.934784
ge wind,1500.0,80.0,77.0,4656.63,29.608702,4.934784
ge wind,1500.0,80.0,77.0,4656.63,29.608702,4.934784
ge wind,1500.0,80.0,77.0,4656.63,29.608702,4.934784
ge wind,1500.0,80.0,77.0,4656.63,29.608702,4.934784
ge wind,1500.0,80.0,77.0,4656.63,29.608702,4.934784
ge wind,1500.0,80.0,77.0,4656.63,29.608702,4.934784
ge wind,1500.0,80.0,77.0,4656.63,29.608702,4.934784
ge wind,1500.0,80.0,77.0,4656.63,29.608702,4.934784
ge wind,1500.0,80.0,77.0,4656.63,29.608702,4.934784
ge wind,1500.0,80.0,77.0,4656.63,29.608702,4.934784
ge wind,1500.0,80.0,77.0,4656.63,29.608702,4.934784
ge wind,1500.0,80.0,77.0,4656.63,29.608702,4.934784
ge wind,1500.0,80.0,77.0,4656.63,29.608702,4.934784
ge wind,1500.0,80.0,77.0,4656.63,29.608702,4.934784
ge wind,1500.0,80.0,77.0,4656.63,29.608702,4.934784
ge wind,1500.0,80.0,77.0,4656.63,29.608702,4.934784
ge wind,1500.0,80.0,77.0,4656.63,29.608702,4.934784
ge wind,1500.0,80.0,77.0,4656.63,29.608702,4.934784
ge wind,1500.0,80.0,77.0,4656.63,29.608702,4.934784
ge wind,1500.0,80.0,77.0,4656.63,29.608702,4.934784
ge wind,1500.0,80.0,77.0,4656.63,29.608702,4.934784
ge wind,1500.0,80.0,77.0,4656.63,29.608702,4.934784
ge wind,1500.0,80.0,77.0,4656.63,29.608702,4.934784
ge wind,1500.0,80.0,77.0,4656.63,29.608702,4.934784
ge wind,1500.0,80.0,77.0,4656.63,29.608702,4.934784
ge wind,1500.0,80.0,77.0,4656.63,29.608702,4.934784
ge wind,1500.0,80.0,77.0,4656.63,29.608702,4.934784
ge wind,1500.0,80.0,77.0,4656.63,29.608702,4.934784
ge wind,1500.0,80.0,77.0,4656.63,29.608702,4.934784
ge wind,1500.0,80.0,77.0,4656.63,29.608702,4.934784
ge wind,1500.0,80.0,77.0,4656.63,29.608702,4.934784
ge wind,1500.0,80.0,77.0,4656.63,29.608702,4.934784
ge wind,1500.0,80.0,77.0,4656.63,29.608702,4.934784
ge wind,1500.0,80.0,77.0,4656.63,29.608702,4.934784
ge wind,1500.0,80.0,77.0,4656.63,29.608702,4.934784
ge wind,1500.0,80.0,77.0,4656.63,29.608702,4.934784
ge wind,1500.0,80.0,77.0,4656.63,29.608702,4.934784
ge wind,1500.0,80.0,77.0,4656.63,29.608702,4.934784
ge wind,1500.0,80.0,77.0,4656.63,29.608702,4.934784
ge wind,1500.0,80.0,77.0,4656.63,29.608702,4.934784
ge wind,1500.0,80.0,77.0,4656.63,29.608702,4.934784
ge wind,1500.0,80.0,77.0,4656.63,29.608702,4.934784
ge wind,1500.0,80.0,77.0,4656.63,29.608702,4.934784
ge wind,1500.0,80.0,77.0,4656.63,29.608702,4.934784
ge wind,1500.0,80.0,77.0,4656.63,29.608702,4.934784
ge wind,1500.0,80.0,77.0,4656.63,29.608702,4.934784
ge wind,1500.0,80.0,77.0,4656.63,29.608702,4.934784
ge wind,1500.0,80.0,77.0,4656.63,29.608702,4.934784
ge wind,1500.0,80.0,77.0,4656.63,29.608702,4.934784
ge wind,1500.0,80.0,77.0,4656.63,29.608702,4.934784
ge wind,1500.0,80.0,77.0,4656.63,29.608702,4.934784
ge wind,1500.0,80.0,77.0,4656.63,29.608702,4.934784
ge wind,1500.0,80.0,77.0,4656.63,29.608702,4.934784
ge wind,1500.0,80.0,77.0,4656.63,29.608702,4.934784
ge wind,1500.0,80.0,77.0,4656.63,29.608702,4.934784
ge wind,1500.0,80.0,77.0,4656.63,29.608702,4.934784
ge wind,1500.0,80.0,77.0,4656.63,29.608702,4.934784
ge wind,1500.0,80.0,77.0,4656.63,29.608702,4.934784
ge wind,1500.0,80.0,77.0,4656.63,29.608702,4.934784
ge wind,1500.0,80.0,77.0,4656.63,29.608702,4.934784
ge wind,1500.0,80.0,77.0,4656.63,29.608702,4.934784
ge wind,1500.0,80.0,77.0,4656.63,29.608702,4.934784
ge wind,1500.0,80.0,77.0,4656.63,29.608702,4.934784
ge wind,1500.0,80.0,77.0,4656.63,29.608702,4.934784
ge wind,1500.0,80.0,77.0,4656.63,29.608702,4.934784
ge wind,1500.0,80.0,77.0,4656.63,29.608702,4.934784
ge wind,1500.0,80.0,77.0,4656.63,29.608702,4.934784
ge wind,1500.0,80.0,77.0,4656.63,29.608702,4.934784
ge wind,1500.0,80.0,77.0,4656.63,29.608702,4.934784
ge wind,1500.0,80.0,77.0,4656.63,29.608702,4.934784
ge wind,1500.0,80.0,77.0,4656.63,29.608702,4.934784
ge wind,1500.0,80.0,77.0,4656.63,29.608702,4.934784
ge wind,1500.0,80.0,77.0,4656.63,29.608702,4.934784
ge wind,1500.0,80.0,77.0,4656.63,29.608702,4.934784
ge wind,1500.0,80.0,77.0,4656.63,29.608702,4.934784
ge wind,1500.0,80.0,77.0,4656.63,29.608702,4.934784
ge wind,1500.0,80.0,77.0,4656.63,29.608702,4.934784
ge wind,1500.0,80.0,77.0,4656.63,29.608702,4.934784
ge wind,1500.0,80.0,77.0,4656.63,29.608702,4.934784
ge wind,1500.0,80.0,77.0,4656.63,29.608702,4.934784
ge wind,1500.0,80.0,77.0,4656.63,29.608702,4.934784
ge wind,1500.0,80.0,77.0,4656.63,29.608702,4.934784
ge wind,1500.0,80.0,77.0,4656.63,29.608702,4.934784
ge wind,1500.0,80.0,77.0,4656.63,29.608702,4.934784
ge wind,1500.0,80.0,77.0,4656.63,29.608702,4.934784
ge wind,1500.0,80.0,77.0,4656.63,29.608702,4.934784
ge wind,1500.0,80.0,77.0,4656.63,29.608702,4.934784
ge wind,1500.0,80.0,77.0,4656.63,29.608702,4.934784
ge wind,1500.0,80.0,77.0,4656.63,29.608702,4.934784
ge wind,1500.0,80.0,77.0,4656.63,29.608702,4.934784
ge wind,1500.0,80.0,77.0,4656.63,29.608702,4.934784
ge wind,1500.0,80.0,77.0,4656.63,29.608702,4.934784
ge wind,1500.0,80.0,77.0,4656.63,29.608702,4.934784
ge wind,1500.0,80.0,77.0,4656.63,29.608702,4.934784
ge wind,1500.0,80.0,77.0,4656.63,29.608702,4.934784
ge wind,1500.0,80.0,77.0,4656.63,29.608702,4.934784
ge wind,1500.0,80.0,77.0,4656.63,29.608702,4.934784
ge wind,1500.0,80.0,77.0,4656.63,29.608702,4.934784
ge wind,1500.0,80.0,77.0,4656.63,29.608702,4.934784
ge wind,1500.0,80.0,77.0,4656.63,29.608702,4.934784
ge wind,1500.0,80.0,77.0,4656.63,29.608702,4.934784
ge wind,1500.0,80.0,77.0,4656.63,29.608702,4.934784
ge wind,1500.0,80.0,77.0,4656.63,29.608702,4.934784
ge wind,1500.0,80.0,77.0,4656.63,29.608702,4.934784
ge wind,1500.0,80.0,77.0,4656.63,29.608702,4.934784
ge wind,1500.0,80.0,77.0,4656.63,29.608702,4.934784
ge wind,1500.0,80.0,77.0,4656.63,29.608702,4.934784
ge wind,1500.0,80.0,77.0,4656.63,29.608702,4.934784
ge wind,1500.0,80.0,77.0,4656.63,29.608702,4.934784
ge wind,1500.0,80.0,77.0,4656.63,29.608702,4.934784
ge wind,1500.0,80.0,77.0,4656.63,29.608702,4.934784
ge wind,1500.0,80.0,77.0,4656.63,29.608702,4.934784
ge wind,1500.0,80.0,77.0,4656.63,29.608702,4.934784
ge wind,1500.0,80.0,77.0,4656.63,29.608702,4.934784
ge wind,1500.0,80.0,77.0,4656.63,29.608702,4.934784
ge wind,1500.0,80.0,77.0,4656.63,29.608702,4.934784
ge wind,1500.0,80.0,77.0,4656.63,29.608702,4.934784
ge wind,1500.0,80.0,77.0,4656.63,29.608702,4.934784
ge wind,1500.0,80.0,77.0,4656.63,29.608702,4.934784
ge wind,1500.0,80.0,77.0,4656.63,29.608702,4.934784
ge wind,1500.0,80.0,77.0,4656.63,29.608702,4.934784
ge wind,1500.0,80.0,77.0,4656.63,29.608702,4.934784
ge wind,1500.0,80.0,77.0,4656.63,29.608702,4.934784
ge wind,1500.0,80.0,77.0,4656.63,29.608702,4.934784
ge wind,1500.0,80.0,77.0,4656.63,29.608702,4.934784
ge wind,1500.0,80.0,77.0,4656.63,29.608702,4.934784
ge wind,1500.0,80.0,77.0,4656.63,29.608702,4.934784
ge wind,1500.0,80.0,77.0,4656.63,29.608702,4.934784
ge wind,1500.0,80.0,77.0,4656.63,29.608702,4.934784
ge wind,1500.0,80.0,77.0,4656.63,29.608702,4.934784
ge wind,1500.0,80.0,77.0,4656.63,29.608702,4.934784
ge wind,1500.0,80.0,77.0,4656.63,29.608702,4.934784
ge wind,1500.0,80.0,77.0,4656.63,29.608702,4.934784
ge wind,1500.0,80.0,77.0,4656.63,29.608702,4.934784
ge wind,1500.0,80.0,77.0,4656.63,29.608702,4.934784
ge wind,1500.0,80.0,77.0,4656.63,29.608702,4.934784
ge wind,1500.0,80.0,77.0,4656.63,29.608702,4.934784
ge wind,1500.0,80.0,77.0,4656.63,29.608702,4.934784
ge wind,1500.0,80.0,77.0,4656.63,29.608702,4.934784
ge wind,1500.0,80.0,77.0,4656.63,29.608702,4.934784
ge wind,1500.0,80.0,77.0,4656.63,29.608702,4.934784
ge wind,1500.0,80.0,77.0,4656.63,29.608702,4.934784
ge wind,1500.0,80.0,77.0,4656.63,29.608702,4.934784
ge wind,1500.0,80.0,77.0,4656.63,29.608702,4.934784
ge wind,1500.0,80.0,77.0,4656.63,29.608702,4.934784
ge wind,1500.0,80.0,77.0,4656.63,29.608702,4.934784
ge wind,1500.0,80.0,77.0,4656.63,29.608702,4.934784
ge wind,1500.0,80.0,77.0,4656.63,29.608702,4.934784
ge wind,1500.0,80.0,77.0,4656.63,29.608702,4.934784
ge wind,1500.0,80.0,77.0,4656.63,29.608702,4.934784
ge wind,1500.0,80.0,77.0,4656.63,29.608702,4.934784
ge wind,1500.0,80.0,77.0,4656.63,29.608702,4.934784
ge wind,1500.0,80.0,77.0,4656.63,29.608702,4.934784
ge wind,1500.0,80.0,77.0,4656.63,29.608702,4.934784
ge wind,1500.0,80.0,77.0,4656.63,29.608702,4.934784
ge wind,1500.0,80.0,77.0,4656.63,29.608702,4.934784
ge wind,1500.0,80.0,77.0,4656.63,29.608702,4.934784
ge wind,1500.0,80.0,77.0,4656.63,29.608702,4.934784
ge wind,1500.0,80.0,77.0,4656.63,29.608702,4.934784
ge wind,1500.0,80.0,77.0,4656.63,29.608702,4.934784
ge wind,1500.0,80.0,77.0,4656.63,29.608702,4.934784
ge wind,1500.0,80.0,77.0,4656.63,29.608702,4.934784
ge wind,1500.0,80.0,77.0,4656.63,29.608702,4.934784
ge wind,1500.0,80.0,77.0,4656.63,29.608702,4.934784
ge wind,1500.0,80.0,77.0,4656.63,29.608702,4.934784
ge wind,1500.0,80.0,77.0,4656.63,29.608702,4.934784
ge wind,1500.0,80.0,77.0,4656.63,29.608702,4.934784
ge wind,1500.0,80.0,77.0,4656.63,29.608702,4.934784
ge wind,1500.0,80.0,77.0,4656.63,29.608702,4.934784
ge wind,1500.0,80.0,77.0,4656.63,29.608702,4.934784
ge wind,1500.0,80.0,77.0,4656.63,29.608702,4.934784
ge wind,1500.0,80.0,77.0,4656.63,29.608702,4.934784
ge wind,1500.0,80.0,77.0,4656.63,29.608702,4.934784
ge wind,1500.0,80.0,77.0,4656.63,29.608702,4.934784
ge wind,1500.0,80.0,77.0,4656.63,29.608702,4.934784
ge wind,1500.0,80.0,77.0,4656.63,29.608702,4.934784
ge wind,1500.0,80.0,77.0,4656.63,29.608702,4.934784
ge wind,1500.0,80.0,77.0,4656.63,29.608702,4.934784
ge wind,1500.0,80.0,77.0,4656.63,29.608702,4.934784
ge wind,1500.0,80.0,77.0,4656.63,29.608702,4.934784
ge wind,1500.0,80.0,77.0,4656.63,29.608702,4.934784
ge wind,1500.0,80.0,77.0,4656.63,29.608702,4.934784
ge wind,1500.0,80.0,77.0,4656.63,29.608702,4.934784
ge wind,1500.0,80.0,77.0,4656.63,29.608702,4.934784
ge wind,1500.0,80.0,77.0,4656.63,29.608702,4.934784
ge wind,1500.0,80.0,77.0,4656.63,29.608702,4.934784
ge wind,1500.0,80.0,77.0,4656.63,29.608702,4.934784
ge wind,1500.0,80.0,77.0,4656.63,29.608702,4.934784
ge wind,1500.0,80.0,77.0,4656.63,29.608702,4.934784
ge wind,1500.0,80.0,77.0,4656.63,29.608702,4.934784
ge wind,1500.0,80.0,77.0,4656.63,29.608702,4.934784
ge wind,1500.0,80.0,77.0,4656.63,29.608702,4.934784
ge wind,1500.0,80.0,77.0,4656.63,29.608702,4.934784
ge wind,1500.0,80.0,77.0,4656.63,29.608702,4.934784
ge wind,1500.0,80.0,77.0,4656.63,29.608702,4.934784
ge wind,1500.0,80.0,77.0,4656.63,29.608702,4.934784
ge wind,1500.0,80.0,77.0,4656.63,29.608702,4.934784
ge wind,1500.0,80.0,77.0,4656.63,29.608702,4.934784
ge wind,1500.0,80.0,77.0,4656.63,29.608702,4.934784
ge wind,1500.0,80.0,77.0,4656.63,29.608702,4.934784
ge wind,1500.0,80.0,77.0,4656.63,29.608702,4.934784
ge wind,1500.0,80.0,77.0,4656.63,29.608702,4.934784
ge wind,1500.0,80.0,77.0,4656.63,29.608702,4.934784
ge wind,1500.0,80.0,77.0,4656.63,29.608702,4.934784
ge wind,1500.0,80.0,77.0,4656.63,29.608702,4.934784
ge wind,1500.0,80.0,77.0,4656.63,29.608702,4.934784
ge wind,1500.0,80.0,77.0,4656.63,29.608702,4.934784
ge wind,1500.0,80.0,77.0,4656.63,29.608702,4.934784
ge wind,1500.0,80.0,77.0,4656.63,29.608702,4.934784
ge wind,1500.0,80.0,77.0,4656.63,29.608702,4.934784
ge wind,1500.0,80.0,77.0,4656.63,29.608702,4.934784
ge wind,1500.0,80.0,77.0,4656.63,29.608702,4.934784
ge wind,1500.0,80.0,77.0,4656.63,29.608702,4.934784
ge wind,1500.0,80.0,77.0,4656.63,29.608702,4.934784
ge wind,1500.0,80.0,77.0,4656.63,29.608702,4.934784
ge wind,1500.0,80.0,77.0,4656.63,29.608702,4.934784
ge wind,1500.0,80.0,77.0,4656.63,29.608702,4.934784
ge wind,1500.0,80.0,77.0,4656.63,29.608702,4.934784
ge wind,1500.0,80.0,77.0,4656.63,29.608702,4.934784
ge wind,1500.0,80.0,77.0,4656.63,29.608702,4.934784
ge wind,1500.0,80.0,77.0,4656.63,29.608702,4.934784
ge wind,1500.0,80.0,77.0,4656.63,29.608702,4.934784
ge wind,1500.0,80.0,77.0,4656.63,29.608702,4.934784
ge wind,1500.0,80.0,77.0,4656.63,29.608702,4.934784
ge wind,1500.0,80.0,77.0,4656.63,29.608702,4.934784
ge wind,1500.0,80.0,77.0,4656.63,29.608702,4.934784
ge wind,1500.0,80.0,77.0,4656.63,29.608702,4.934784
ge wind,1500.0,80.0,77.0,4656.63,29.608702,4.934784
ge wind,1500.0,80.0,77.0,4656.63,29.608702,4.934784
ge wind,1500.0,80.0,77.0,4656.63,29.608702,4.934784
ge wind,1500.0,80.0,77.0,4656.63,29.608702,4.934784
ge wind,1500.0,80.0,77.0,4656.63,29.608702,4.934784
ge wind,1500.0,80.0,77.0,4656.63,29.608702,4.934784
ge wind,1500.0,80.0,77.0,4656.63,29.608702,4.934784
ge wind,1500.0,80.0,77.0,4656.63,29.608702,4.934784
ge wind,1500.0,80.0,77.0,4656.63,29.608702,4.934784
ge wind,1500.0,80.0,77.0,4656.63,29.608702,4.934784
ge wind,1500.0,80.0,77.0,4656.63,29.608702,4.934784
ge wind,1500.0,80.0,77.0,4656.63,29.608702,4.934784
ge wind,1500.0,80.0,77.0,4656.63,29.608702,4.934784
ge wind,1500.0,80.0,77.0,4656.63,29.608702,4.934784
ge wind,1500.0,80.0,77.0,4656.63,29.608702,4.934784
ge wind,1500.0,80.0,77.0,4656.63,29.608702,4.934784
ge wind,1500.0,80.0,77.0,4656.63,29.608702,4.934784
ge wind,1500.0,80.0,77.0,4656.63,29.608702,4.934784
ge wind,1500.0,80.0,77.0,4656.63,29.608702,4.934784
ge wind,1500.0,80.0,77.0,4656.63,29.608702,4.934784
ge wind,1500.0,80.0,77.0,4656.63,29.608702,4.934784
ge wind,1500.0,80.0,77.0,4656.63,29.608702,4.934784
ge wind,1500.0,80.0,77.0,4656.63,29.608702,4.934784
ge wind,1500.0,80.0,77.0,4656.63,29.608702,4.934784
ge wind,1500.0,80.0,77.0,4656.63,29.608702,4.934784
ge wind,1500.0,80.0,77.0,4656.63,29.608702,4.934784
ge wind,1500.0,80.0,77.0,4656.63,29.608702,4.934784
ge wind,1500.0,80.0,77.0,4656.63,29.608702,4.934784
ge wind,1500.0,80.0,77.0,4656.63,29.608702,4.934784
ge wind,1500.0,80.0,77.0,4656.63,29.608702,4.934784
ge wind,1500.0,80.0,77.0,4656.63,29.608702,4.934784
ge wind,1500.0,80.0,77.0,4656.63,29.608702,4.934784
ge wind,1500.0,80.0,77.0,4656.63,29.608702,4.934784
ge wind,1500.0,80.0,77.0,4656.63,29.608702,4.934784
ge wind,1500.0,80.0,77.0,4656.63,29.608702,4.934784
ge wind,1500.0,80.0,77.0,4656.63,29.608702,4.934784
ge wind,1500.0,80.0,77.0,4656.63,29.608702,4.934784
ge wind,1500.0,80.0,77.0,4656.63,29.608702,4.934784
ge wind,1500.0,80.0,77.0,4656.63,29.608702,4.934784
ge wind,1500.0,80.0,77.0,4656.63,29.608702,4.934784
ge wind,1500.0,80.0,77.0,4656.63,29.608702,4.934784
ge wind,1500.0,80.0,77.0,4656.63,29.608702,4.934784
ge wind,1500.0,80.0,77.0,4656.63,29.608702,4.934784
ge wind,1500.0,80.0,77.0,4656.63,29.608702,4.934784
ge wind,1500.0,80.0,77.0,4656.63,29.608702,4.934784
ge wind,1500.0,80.0,77.0,4656.63,29.608702,4.934784
ge wind,1500.0,80.0,77.0,4656.63,29.608702,4.934784
ge wind,1500.0,80.0,77.0,4656.63,29.608702,4.934784
ge wind,1500.0,80.0,77.0,4656.63,29.608702,4.934784
ge wind,1500.0,80.0,77.0,4656.63,29.608702,4.934784
ge wind,1500.0,80.0,77.0,4656.63,29.608702,4.934784
ge wind,1500.0,80.0,77.0,4656.63,29.608702,4.934784
ge wind,1500.0,80.0,77.0,4656.63,29.608702,4.934784
ge wind,1500.0,80.0,77.0,4656.63,29.608702,4.934784
ge wind,1500.0,80.0,77.0,4656.63,29.608702,4.934784
ge wind,1500.0,80.0,77.0,4656.63,29.608702,4.934784
ge wind,1500.0,80.0,77.0,4656.63,29.608702,4.934784
ge wind,1500.0,80.0,77.0,4656.63,29.608702,4.934784
ge wind,1500.0,80.0,77.0,4656.63,29.608702,4.934784
ge wind,1500.0,80.0,77.0,4656.63,29.608702,4.934784
ge wind,1500.0,80.0,77.0,4656.63,29.608702,4.934784
ge wind,1500.0,80.0,77.0,4656.63,29.608702,4.934784
ge wind,1500.0,80.0,77.0,4656.63,29.608702,4.934784
ge wind,1500.0,80.0,77.0,4656.63,29.608702,4.934784
ge wind,1500.0,80.0,77.0,4656.63,29.608702,4.934784
ge wind,1500.0,80.0,77.0,4656.63,29.608702,4.934784
ge wind,1500.0,80.0,77.0,4656.63,29.608702,4.934784
ge wind,1500.0,80.0,77.0,4656.63,29.608702,4.934784
ge wind,1500.0,80.0,77.0,4656.63,29.608702,4.934784
ge wind,1500.0,80.0,77.0,4656.63,29.608702,4.934784
ge wind,1500.0,80.0,77.0,4656.63,29.608702,4.934784
ge wind,1500.0,80.0,77.0,4656.63,29.608702,4.934784
ge wind,1500.0,80.0,77.0,4656.63,29.608702,4.934784
ge wind,1500.0,80.0,77.0,4656.63,29.608702,4.934784
ge wind,1500.0,80.0,77.0,4656.63,29.608702,4.934784
ge wind,1500.0,80.0,77.0,4656.63,29.608702,4.934784
ge wind,1500.0,80.0,77.0,4656.63,29.608702,4.934784
ge wind,1500.0,80.0,77.0,4656.63,29.608702,4.934784
ge wind,1500.0,80.0,77.0,4656.63,29.608702,4.934784
ge wind,1500.0,80.0,77.0,4656.63,29.608702,4.934784
ge wind,1500.0,80.0,77.0,4656.63,29.608702,4.934784
ge wind,1500.0,80.0,77.0,4656.63,29.608702,4.934784
ge wind,1500.0,80.0,77.0,4656.63,29.608702,4.934784
ge wind,1500.0,80.0,77.0,4656.63,29.608702,4.934784
ge wind,1500.0,80.0,77.0,4656.63,29.608702,4.934784
ge wind,1500.0,80.0,77.0,4656.63,29.608702,4.934784
ge wind,1500.0,80.0,77.0,4656.63,29.608702,4.934784
ge wind,1500.0,80.0,77.0,4656.63,29.608702,4.934784
ge wind,1500.0,80.0,77.0,4656.63,29.608702,4.934784
ge wind,1500.0,80.0,77.0,4656.63,29.608702,4.934784
ge wind,1500.0,80.0,77.0,4656.63,29.608702,4.934784
ge wind,1500.0,80.0,77.0,4656.63,29.608702,4.934784
ge wind,1500.0,80.0,77.0,4656.63,29.608702,4.934784
ge wind,1500.0,80.0,77.0,4656.63,29.608702,4.934784
ge wind,1500.0,80.0,77.0,4656.63,29.608702,4.934784
ge wind,1500.0,80.0,77.0,4656.63,29.608702,4.934784
vestas,1650.0,80.0,82.0,5281.02,34.864525,5.8107543
vestas,1650.0,80.0,82.0,5281.02,34.864525,5.8107543
vestas,1650.0,80.0,82.0,5281.02,34.864525,5.8107543
vestas,1650.0,80.0,82.0,5281.02,34.864525,5.8107543
vestas,1650.0,80.0,82.0,5281.02,34.864525,5.8107543
vestas,1650.0,80.0,82.0,5281.02,34.864525,5.8107543
vestas,1650.0,80.0,82.0,5281.02,34.864525,5.8107543
vestas,1650.0,80.0,82.0,5281.02,34.864525,5.8107543
other,1650.0,70.0,82.0,5281.02,33.189365,5.531561
vestas,1650.0,80.0,82.0,5281.02,34.864525,5.8107543
vestas,1650.0,80.0,82.0,5281.02,34.864525,5.8107543
goldwind,1500.0,85.0,82.0,5281.02,35.550182,5.9250307
other,1650.0,70.0,82.0,5281.02,33.189365,5.531561
vestas,1650.0,80.0,82.0,5281.02,34.864525,5.8107543
vestas,1650.0,80.0,82.0,5281.02,34.864525,5.8107543
vestas,1650.0,80.0,82.0,5281.02,34.864525,5.8107543
vestas,1650.0,80.0,82.0,5281.02,34.864525,5.8107543
vestas,1650.0,80.0,82.0,5281.02,34.864525,5.8107543
vestas,1650.0,80.0,82.0,5281.02,34.864525,5.8107543
vestas,1650.0,80.0,82.0,5281.02,34.864525,5.8107543
vestas,1650.0,80.0,82.0,5281.02,34.864525,5.8107543
vestas,1650.0,80.0,82.0,5281.02,34.864525,5.8107543
vestas,1650.0,80.0,82.0,5281.02,34.864525,5.8107543
vestas,1650.0,80.0,82.0,5281.02,34.864525,5.8107543
vestas,1650.0,80.0,82.0,5281.02,34.864525,5.8107543
vestas,1650.0,80.0,82.0,5281.02,34.864525,5.8107543
vestas,1650.0,80.0,82.0,5281.02,34.864525,5.8107543
vestas,1650.0,80.0,82.0,5281.02,34.864525,5.8107543
vestas,1650.0,80.0,82.0,5281.02,34.864525,5.8107543
vestas,1650.0,80.0,82.0,5281.02,34.864525,5.8107543
vestas,1650.0,80.0,82.0,5281.02,34.864525,5.8107543
vestas,1650.0,80.0,82.0,5281.02,34.864525,5.8107543
vestas,1650.0,80.0,82.0,5281.02,34.864525,5.8107543
vestas,1650.0,80.0,82.0,5281.02,34.864525,5.8107543
vestas,1650.0,80.0,82.0,5281.02,34.864525,5.8107543
vestas,1650.0,80.0,82.0,5281.02,34.864525,5.8107543
vestas,1650.0,80.0,82.0,5281.02,34.864525,5.8107543
vestas,1650.0,80.0,82.0,5281.02,34.864525,5.8107543
vestas,1650.0,80.0,82.0,5281.02,34.864525,5.8107543
vestas,1650.0,80.0,82.0,5281.02,34.864525,5.8107543
vestas,1650.0,80.0,82.0,5281.02,34.864525,5.8107543
vestas,1650.0,80.0,82.0,5281.02,34.864525,5.8107543
vestas,1650.0,80.0,82.0,5281.02,34.864525,5.8107543
vestas,1650.0,80.0,82.0,5281.02,34.864525,5.8107543
vestas,1650.0,80.0,82.0,5281.02,34.864525,5.8107543
vestas,1650.0,80.0,82.0,5281.02,34.864525,5.8107543
vestas,1650.0,80.0,82.0,5281.02,34.864525,5.8107543
vestas,1650.0,80.0,82.0,5281.02,34.864525,5.8107543
vestas,1650.0,80.0,82.0,5281.02,34.864525,5.8107543
vestas,1650.0,80.0,82.0,5281.02,34.864525,5.8107543
vestas,1650.0,80.0,82.0,5281.02,34.864525,5.8107543
vestas,1650.0,80.0,82.0,5281.02,34.864525,5.8107543
vestas,1650.0,80.0,82.0,5281.02,34.864525,5.8107543
vestas,1650.0,80.0,82.0,5281.02,34.864525,5.8107543
vestas,1650.0,80.0,82.0,5281.02,34.864525,5.8107543
vestas,1650.0,80.0,82.0,5281.02,34.864525,5.8107543
vestas,1650.0,80.0,82.0,5281.02,34.864525,5.8107543
vestas,1650.0,80.0,82.0,5281.02,34.864525,5.8107543
vestas,1650.0,80.0,82.0,5281.02,34.864525,5.8107543
vestas,1650.0,80.0,82.0,5281.02,34.864525,5.8107543
vestas,1650.0,80.0,82.0,5281.02,34.864525,5.8107543
vestas,1650.0,80.0,82.0,5281.02,34.864525,5.8107543
vestas,1650.0,80.0,82.0,5281.02,34.864525,5.8107543
vestas,1650.0,80.0,82.0,5281.02,34.864525,5.8107543
vestas,1650.0,80.0,82.0,5281.02,34.864525,5.8107543
vestas,1650.0,80.0,82.0,5281.02,34.864525,5.8107543
vestas,1650.0,80.0,82.0,5281.02,34.864525,5.8107543
vestas,1650.0,80.0,82.0,5281.02,34.864525,5.8107543
vestas,1650.0,80.0,82.0,5281.02,34.864525,5.8107543
vestas,1650.0,80.0,82.0,5281.02,34.864525,5.8107543
vestas,1650.0,80.0,82.0,5281.02,34.864525,5.8107543
vestas,1650.0,80.0,82.0,5281.02,34.864525,5.8107543
vestas,1650.0,80.0,82.0,5281.02,34.864525,5.8107543
vestas,1650.0,80.0,82.0,5281.02,34.864525,5.8107543
vestas,1650.0,80.0,82.0,5281.02,34.864525,5.8107543
vestas,1650.0,80.0,82.0,5281.02,34.864525,5.8107543
vestas,1650.0,80.0,82.0,5281.02,34.864525,5.8107543
vestas,1650.0,80.0,82.0,5281.02,34.864525,5.8107543
vestas,1650.0,80.0,82.0,5281.02,34.864525,5.8107543
vestas,1650.0,80.0,82.0,5281.02,34.864525,5.8107543
vestas,1650.0,80.0,82.0,5281.02,34.864525,5.8107543
vestas,1650.0,80.0,82.0,5281.02,34.864525,5.8107543
vestas,1650.0,80.0,82.0,5281.02,34.864525,5.8107543
vestas,1650.0,80.0,82.0,5281.02,34.864525,5.8107543
vestas,1650.0,80.0,82.0,5281.02,34.864525,5.8107543
vestas,1650.0,80.0,82.0,5281.02,34.864525,5.8107543
vestas,1650.0,80.0,82.0,5281.02,34.864525,5.8107543
vestas,1650.0,80.0,82.0,5281.02,34.864525,5.8107543
vestas,1650.0,80.0,82.0,5281.02,34.864525,5.8107543
vestas,1650.0,80.0,82.0,5281.02,34.864525,5.8107543
vestas,1650.0,80.0,82.0,5281.02,34.864525,5.8107543
vestas,1650.0,80.0,82.0,5281.02,34.864525,5.8107543
vestas,1650.0,80.0,82.0,5281.02,34.864525,5.8107543
vestas,1650.0,80.0,82.0,5281.02,34.864525,5.8107543
vestas,1650.0,80.0,82.0,5281.02,34.864525,5.8107543
vestas,1650.0,80.0,82.0,5281.02,34.864525,5.8107543
vestas,1650.0,80.0,82.0,5281.02,34.864525,5.8107543
vestas,1650.0,80.0,82.0,5281.02,34.864525,5.8107543
vestas,1650.0,80.0,82.0,5281.02,34.864525,5.8107543
vestas,1650.0,80.0,82.0,5281.02,34.864525,5.8107543
vestas,1650.0,80.0,82.0,5281.02,34.864525,5.8107543
vestas,1650.0,80.0,82.0,5281.02,34.864525,5.8107543
vestas,1650.0,80.0,82.0,5281.02,34.864525,5.8107543
vestas,1650.0,80.0,82.0,5281.02,34.864525,5.8107543
vestas,1650.0,80.0,82.0,5281.02,34.864525,5.8107543
vestas,1650.0,80.0,82.0,5281.02,34.864525,5.8107543
vestas,1650.0,80.0,82.0,5281.02,34.864525,5.8107543
vestas,1650.0,80.0,82.0,5281.02,34.864525,5.8107543
vestas,1650.0,80.0,82.0,5281.02,34.864525,5.8107543
vestas,1650.0,80.0,82.0,5281.02,34.864525,5.8107543
vestas,1650.0,80.0,82.0,5281.02,34.864525,5.8107543
vestas,1650.0,80.0,82.0,5281.02,34.864525,5.8107543
vestas,1650.0,80.0,82.0,5281.02,34.864525,5.8107543
vestas,1650.0,80.0,82.0,5281.02,34.864525,5.8107543
vestas,1650.0,80.0,82.0,5281.02,34.864525,5.8107543
vestas,1650.0,80.0,82.0,5281.02,34.864525,5.8107543
vestas,1650.0,80.0,82.0,5281.02,34.864525,5.8107543
vestas,1650.0,80.0,82.0,5281.02,34.864525,5.8107543
vestas,1650.0,80.0,82.0,5281.02,34.864525,5.8107543
vestas,1650.0,80.0,82.0,5281.02,34.864525,5.8107543
vestas,1650.0,80.0,82.0,5281.02,34.864525,5.8107543
vestas,1650.0,80.0,82.0,5281.02,34.864525,5.8107543
vestas,1650.0,80.0,82.0,5281.02,34.864525,5.8107543
vestas,1650.0,80.0,82.0,5281.02,34.864525,5.8107543
vestas,1650.0,80.0,82.0,5281.02,34.864525,5.8107543
vestas,1650.0,80.0,82.0,5281.02,34.864525,5.8107543
vestas,1650.0,80.0,82.0,5281.02,34.864525,5.8107543
vestas,1650.0,80.0,82.0,5281.02,34.864525,5.8107543
vestas,1650.0,80.0,82.0,5281.02,34.864525,5.8107543
vestas,1650.0,80.0,82.0,5281.02,34.864525,5.8107543
vestas,1650.0,80.0,82.0,5281.02,34.864525,5.8107543
vestas,1650.0,80.0,82.0,5281.02,34.864525,5.8107543
vestas,1650.0,80.0,82.0,5281.02,34.864525,5.8107543
vestas,1650.0,80.0,82.0,5281.02,34.864525,5.8107543
vestas,1650.0,80.0,82.0,5281.02,34.864525,5.8107543
vestas,1650.0,80.0,82.0,5281.02,34.864525,5.8107543
vestas,1650.0,80.0,82.0,5281.02,34.864525,5.8107543
vestas,1650.0,80.0,82.0,5281.02,34.864525,5.8107543
vestas,1650.0,80.0,82.0,5281.02,34.864525,5.8107543
vestas,1650.0,80.0,82.0,5281.02,34.864525,5.8107543
vestas,1650.0,80.0,82.0,5281.02,34.864525,5.8107543
vestas,1650.0,80.0,82.0,5281.02,34.864525,5.8107543
vestas,1650.0,80.0,82.0,5281.02,34.864525,5.8107543
vestas,1650.0,80.0,82.0,5281.02,34.864525,5.8107543
vestas,1650.0,80.0,82.0,5281.02,34.864525,5.8107543
vestas,1650.0,80.0,82.0,5281.02,34.864525,5.8107543
vestas,1650.0,80.0,82.0,5281.02,34.864525,5.8107543
vestas,1650.0,80.0,82.0,5281.02,34.864525,5.8107543
vestas,1650.0,80.0,82.0,5281.02,34.864525,5.8107543
vestas,1650.0,80.0,82.0,5281.02,34.864525,5.8107543
vestas,1650.0,80.0,82.0,5281.02,34.864525,5.8107543
vestas,1650.0,80.0,82.0,5281.02,34.864525,5.8107543
vestas,1650.0,80.0,82.0,5281.02,34.864525,5.8107543
vestas,1650.0,80.0,82.0,5281.02,34.864525,5.8107543
vestas,1650.0,80.0,82.0,5281.02,34.864525,5.8107543
vestas,1650.0,80.0,82.0,5281.02,34.864525,5.8107543
vestas,1650.0,80.0,82.0,5281.02,34.864525,5.8107543
vestas,1650.0,80.0,82.0,5281.02,34.864525,5.8107543
vestas,1650.0,80.0,82.0,5281.02,34.864525,5.8107543
vestas,1650.0,80.0,82.0,5281.02,34.864525,5.8107543
vestas,1650.0,80.0,82.0,5281.02,34.864525,5.8107543
vestas,1650.0,80.0,82.0,5281.02,34.864525,5.8107543
vestas,1650.0,80.0,82.0,5281.02,34.864525,5.8107543
vestas,1650.0,80.0,82.0,5281.02,34.864525,5.8107543
vestas,1650.0,80.0,82.0,5281.02,34.864525,5.8107543
vestas,1650.0,80.0,82.0,5281.02,34.864525,5.8107543
vestas,1650.0,80.0,82.0,5281.02,34.864525,5.8107543
vestas,1650.0,80.0,82.0,5281.02,34.864525,5.8107543
vestas,1650.0,80.0,82.0,5281.02,34.864525,5.8107543
vestas,1650.0,80.0,82.0,5281.02,34.864525,5.8107543
vestas,1650.0,80.0,82.0,5281.02,34.864525,5.8107543
vestas,1650.0,80.0,82.0,5281.02,34.864525,5.8107543
vestas,1650.0,80.0,82.0,5281.02,34.864525,5.8107543
vestas,1650.0,80.0,82.0,5281.02,34.864525,5.8107543
vestas,1650.0,80.0,82.0,5281.02,34.864525,5.8107543
vestas,1650.0,80.0,82.0,5281.02,34.864525,5.8107543
vestas,1650.0,80.0,82.0,5281.02,34.864525,5.8107543
vestas,1650.0,80.0,82.0,5281.02,34.864525,5.8107543
vestas,1650.0,80.0,82.0,5281.02,34.864525,5.8107543
vestas,1650.0,80.0,82.0,5281.02,34.864525,5.8107543
vestas,1650.0,80.0,82.0,5281.02,34.864525,5.8107543
vestas,1650.0,80.0,82.0,5281.02,34.864525,5.8107543
vestas,1650.0,80.0,82.0,5281.02,34.864525,5.8107543
vestas,1650.0,80.0,82.0,5281.02,34.864525,5.8107543
vestas,1650.0,80.0,82.0,5281.02,34.864525,5.8107543
vestas,1650.0,80.0,82.0,5281.02,34.864525,5.8107543
vestas,1650.0,80.0,82.0,5281.02,34.864525,5.8107543
vestas,1650.0,80.0,82.0,5281.02,34.864525,5.8107543
vestas,1650.0,80.0,82.0,5281.02,34.864525,5.8107543
vestas,1650.0,80.0,82.0,5281.02,34.864525,5.8107543
vestas,1650.0,80.0,82.0,5281.02,34.864525,5.8107543
vestas,1650.0,80.0,82.0,5281.02,34.864525,5.8107543
vestas,1650.0,80.0,82.0,5281.02,34.864525,5.8107543
vestas,1650.0,80.0,82.0,5281.02,34.864525,5.8107543
vestas,1650.0,80.0,82.0,5281.02,34.864525,5.8107543
vestas,1650.0,80.0,82.0,5281.02,34.864525,5.8107543
vestas,1650.0,80.0,82.0,5281.02,34.864525,5.8107543
vensys,1500.0,85.0,82.3,5319.73,35.274986,5.8791647
other,2000.0,100.0,90.0,6361.73,45.297836,7.5496397
other,2000.0,100.0,90.0,6361.73,45.297836,7.5496397
other,2000.0,100.0,90.0,6361.73,45.297836,7.5496397
other,2000.0,100.0,90.0,6361.73,45.297836,7.5496397
other,2000.0,100.0,90.0,6361.73,45.297836,7.5496397
other,2000.0,100.0,90.0,6361.73,45.297836,7.5496397
other,2000.0,100.0,90.0,6361.73,45.297836,7.5496397
other,2000.0,100.0,90.0,6361.73,45.297836,7.5496397
other,2000.0,100.0,90.0,6361.73,45.297836,7.5496397
other,2000.0,100.0,90.0,6361.73,45.297836,7.5496397
other,2000.0,100.0,90.0,6361.73,45.297836,7.5496397
other,2000.0,100.0,90.0,6361.73,45.297836,7.5496397
other,2000.0,100.0,90.0,6361.73,45.297836,7.5496397
other,2000.0,100.0,90.0,6361.73,45.297836,7.5496397
other,2000.0,100.0,90.0,6361.73,45.297836,7.5496397
other,2000.0,100.0,90.0,6361.73,45.297836,7.5496397
other,2000.0,100.0,90.0,6361.73,45.297836,7.5496397
other,2000.0,100.0,90.0,6361.73,45.297836,7.5496397
other,2000.0,100.0,90.0,6361.73,45.297836,7.5496397
other,2000.0,100.0,90.0,6361.73,45.297836,7.5496397
other,2000.0,100.0,90.0,6361.73,45.297836,7.5496397
other,2000.0,100.0,90.0,6361.73,45.297836,7.5496397
other,2000.0,100.0,90.0,6361.73,45.297836,7.5496397
other,2000.0,100.0,90.0,6361.73,45.297836,7.5496397
other,2000.0,100.0,90.0,6361.73,45.297836,7.5496397
other,2000.0,100.0,90.0,6361.73,45.297836,7.5496397
other,2000.0,100.0,90.0,6361.73,45.297836,7.5496397
other,2000.0,100.0,90.0,6361.73,45.297836,7.5496397
other,2000.0,100.0,90.0,6361.73,45.297836,7.5496397
other,2000.0,100.0,90.0,6361.73,45.297836,7.5496397
other,2000.0,100.0,90.0,6361.73,45.297836,7.5496397
other,2000.0,100.0,90.0,6361.73,45.297836,7.5496397
other,2000.0,100.0,90.0,6361.73,45.297836,7.5496397
other,2000.0,100.0,90.0,6361.73,45.297836,7.5496397
other,2000.0,100.0,90.0,6361.73,45.297836,7.5496397
other,2000.0,100.0,90.0,6361.73,45.297836,7.5496397
other,2000.0,100.0,90.0,6361.73,45.297836,7.5496397
repower,2050.0,80.0,92.0,6647.61,42.45403,7.0756717
repower,2050.0,78.5,92.5,6720.06,45.289455,7.5482426
repower,2050.0,78.5,92.5,6720.06,45.289455,7.5482426
repower,2050.0,78.5,92.5,6720.06,45.289455,7.5482426
repower,2050.0,78.5,92.5,6720.06,45.289455,7.5482426
repower,2050.0,78.5,92.5,6720.06,45.289455,7.5482426
repower,2050.0,78.5,92.5,6720.06,45.289455,7.5482426
repower,2050.0,78.5,92.5,6720.06,45.289455,7.5482426
repower,2050.0,78.5,92.5,6720.06,45.289455,7.5482426
repower,2050.0,78.5,92.5,6720.06,45.289455,7.5482426
repower,2050.0,78.5,92.5,6720.06,45.289455,7.5482426
repower,2050.0,78.5,92.5,6720.06,45.289455,7.5482426
repower,2050.0,78.5,92.5,6720.06,45.289455,7.5482426
repower,2050.0,78.5,92.5,6720.06,45.289455,7.5482426
repower,2050.0,78.5,92.5,6720.06,45.289455,7.5482426
repower,2050.0,78.5,92.5,6720.06,45.289455,7.5482426
repower,2050.0,78.5,92.5,6720.06,45.289455,7.5482426
repower,2050.0,78.5,92.5,6720.06,45.289455,7.5482426
repower,2050.0,78.5,92.5,6720.06,45.289455,7.5482426
repower,2050.0,78.5,92.5,6720.06,45.289455,7.5482426
repower,2050.0,78.5,92.5,6720.06,45.289455,7.5482426
repower,2050.0,78.5,92.5,6720.06,45.289455,7.5482426
repower,2050.0,78.5,92.5,6720.06,45.289455,7.5482426
repower,2050.0,78.5,92.5,6720.06,45.289455,7.5482426
repower,2050.0,78.5,92.5,6720.06,45.289455,7.5482426
repower,2050.0,78.5,92.5,6720.06,45.289455,7.5482426
repower,2050.0,78.5,92.5,6720.06,45.289455,7.5482426
other,2500.0,80.0,93.0,6792.91,54.195656,9.03261
other,2500.0,80.0,93.0,6792.91,54.195656,9.03261
other,2500.0,80.0,93.0,6792.91,54.195656,9.03261
other,2500.0,80.0,93.0,6792.91,54.195656,9.03261
other,2500.0,80.0,93.0,6792.91,54.195656,9.03261
other,2500.0,80.0,93.0,6792.91,54.195656,9.03261
other,2500.0,80.0,93.0,6792.91,54.195656,9.03261
other,2500.0,80.0,93.0,6792.91,54.195656,9.03261
other,2500.0,80.0,96.0,7238.23,54.195656,9.03261
other,2500.0,80.0,96.0,7238.23,54.195656,9.03261
other,2500.0,80.0,96.0,7238.23,54.195656,9.03261
other,2500.0,80.0,96.0,7238.23,54.195656,9.03261
other,2500.0,80.0,96.0,7238.23,54.195656,9.03261
other,2500.0,80.0,96.0,7238.23,54.195656,9.03261
other,2500.0,80.0,96.0,7238.23,54.195656,9.03261
other,2500.0,80.0,96.0,7238.23,54.195656,9.03261
other,2500.0,80.0,96.0,7238.23,54.195656,9.03261
other,2500.0,80.0,96.0,7238.23,54.195656,9.03261
other,2500.0,80.0,96.0,7238.23,54.195656,9.03261
other,2500.0,80.0,96.0,7238.23,54.195656,9.03261
other,2500.0,80.0,96.0,7238.23,54.195656,9.03261
other,2500.0,80.0,96.0,7238.23,54.195656,9.03261
other,2500.0,80.0,96.0,7238.23,54.195656,9.03261
other,2500.0,80.0,96.0,7238.23,54.195656,9.03261
other,2500.0,80.0,96.0,7238.23,54.195656,9.03261
other,2500.0,80.0,96.0,7238.23,54.195656,9.03261
other,2500.0,80.0,96.0,7238.23,54.195656,9.03261
other,2500.0,80.0,96.0,7238.23,54.195656,9.03261
other,2500.0,80.0,96.0,7238.23,54.195656,9.03261
other,2500.0,80.0,96.0,7238.23,54.195656,9.03261
other,2500.0,80.0,96.0,7238.23,54.195656,9.03261
other,2500.0,80.0,96.0,7238.23,54.195656,9.03261
other,2500.0,80.0,96.0,7238.23,54.195656,9.03261
other,2500.0,80.0,96.0,7238.23,54.195656,9.03261
other,2500.0,80.0,96.0,7238.23,54.195656,9.03261
other,2500.0,80.0,96.0,7238.23,54.195656,9.03261
other,2500.0,80.0,96.0,7238.23,54.195656,9.03261
ge wind,1620.0,80.0,100.0,7853.98,41.291153,6.881859
ge wind,1620.0,80.0,100.0,7853.98,41.291153,6.881859
ge wind,1620.0,80.0,100.0,7853.98,41.291153,6.881859
ge wind,1620.0,80.0,100.0,7853.98,41.291153,6.881859
ge wind,1620.0,80.0,100.0,7853.98,41.291153,6.881859
ge wind,1620.0,80.0,100.0,7853.98,41.291153,6.881859
ge wind,1620.0,80.0,100.0,7853.98,41.291153,6.881859
ge wind,1620.0,80.0,100.0,7853.98,41.291153,6.881859
ge wind,1620.0,80.0,100.0,7853.98,41.291153,6.881859
ge wind,1620.0,80.0,100.0,7853.98,41.291153,6.881859
ge wind,1620.0,80.0,100.0,7853.98,41.291153,6.881859
ge wind,1620.0,80.0,100.0,7853.98,41.291153,6.881859
ge wind,1620.0,80.0,100.0,7853.98,41.291153,6.881859
ge wind,1620.0,80.0,100.0,7853.98,41.291153,6.881859
ge wind,1620.0,80.0,100.0,7853.98,41.291153,6.881859
ge wind,1620.0,80.0,100.0,7853.98,41.291153,6.881859
ge wind,1620.0,80.0,100.0,7853.98,41.291153,6.881859
ge wind,1620.0,80.0,100.0,7853.98,41.291153,6.881859
ge wind,1620.0,80.0,100.0,7853.98,41.291153,6.881859
ge wind,1620.0,80.0,100.0,7853.98,41.291153,6.881859
ge wind,1620.0,80.0,100.0,7853.98,41.291153,6.881859
ge wind,1620.0,80.0,100.0,7853.98,41.291153,6.881859
ge wind,1620.0,80.0,100.0,7853.98,41.291153,6.881859
ge wind,1620.0,80.0,100.0,7853.98,41.291153,6.881859
ge wind,1620.0,80.0,100.0,7853.98,41.291153,6.881859
ge wind,1620.0,80.0,100.0,7853.98,41.291153,6.881859
ge wind,1620.0,80.0,100.0,7853.98,41.291153,6.881859
ge wind,1620.0,80.0,100.0,7853.98,41.291153,6.881859
ge wind,1620.0,80.0,100.0,7853.98,41.291153,6.881859
ge wind,1620.0,80.0,100.0,7853.98,41.291153,6.881859
ge wind,1620.0,80.0,100.0,7853.98,41.291153,6.881859
ge wind,1620.0,80.0,100.0,7853.98,41.291153,6.881859
ge wind,1620.0,80.0,100.0,7853.98,41.291153,6.881859
ge wind,1620.0,80.0,100.0,7853.98,41.291153,6.881859
ge wind,1620.0,80.0,100.0,7853.98,41.291153,6.881859
ge wind,1620.0,80.0,100.0,7853.98,41.291153,6.881859
ge wind,1620.0,80.0,100.0,7853.98,41.291153,6.881859
ge wind,1620.0,80.0,100.0,7853.98,41.291153,6.881859
ge wind,1620.0,80.0,100.0,7853.98,41.291153,6.881859
ge wind,1620.0,80.0,100.0,7853.98,41.291153,6.881859
ge wind,1620.0,80.0,100.0,7853.98,41.291153,6.881859
ge wind,1620.0,80.0,100.0,7853.98,41.291153,6.881859
ge wind,1620.0,80.0,100.0,7853.98,41.291153,6.881859
ge wind,1620.0,80.0,100.0,7853.98,41.291153,6.881859
ge wind,1620.0,80.0,100.0,7853.98,41.291153,6.881859
ge wind,1620.0,80.0,100.0,7853.98,41.291153,6.881859
ge wind,1620.0,80.0,100.0,7853.98,41.291153,6.881859
ge wind,1620.0,80.0,100.0,7853.98,41.291153,6.881859
ge wind,1620.0,80.0,100.0,7853.98,41.291153,6.881859
ge wind,1620.0,80.0,100.0,7853.98,41.291153,6.881859
ge wind,1620.0,80.0,100.0,7853.98,41.291153,6.881859
ge wind,1620.0,80.0,100.0,7853.98,41.291153,6.881859
ge wind,1620.0,80.0,103.0,8332.29,41.90855,6.9847584
ge wind,1620.0,80.0,103.0,8332.29,41.90855,6.9847584
ge wind,1620.0,80.0,103.0,8332.29,41.90855,6.9847584
ge wind,1620.0,80.0,103.0,8332.29,41.90855,6.9847584
ge wind,1620.0,80.0,103.0,8332.29,41.90855,6.9847584
ge wind,1620.0,80.0,103.0,8332.29,41.90855,6.9847584
ge wind,1620.0,80.0,103.0,8332.29,41.90855,6.9847584
ge wind,1620.0,80.0,103.0,8332.29,41.90855,6.9847584
ge wind,1620.0,80.0,103.0,8332.29,41.90855,6.9847584
ge wind,1620.0,80.0,103.0,8332.29,41.90855,6.9847584
ge wind,1620.0,80.0,103.0,8332.29,41.90855,6.9847584
ge wind,1620.0,80.0,103.0,8332.29,41.90855,6.9847584
ge wind,1620.0,80.0,103.0,8332.29,41.90855,6.9847584
ge wind,1620.0,80.0,103.0,8332.29,41.90855,6.9847584
ge wind,1620.0,80.0,103.0,8332.29,41.90855,6.9847584
ge wind,1620.0,80.0,103.0,8332.29,41.90855,6.9847584
vestas,2200.0,95.0,110.0,9503.32,53.64457,8.940762
vestas,2000.0,95.0,110.0,9503.32,53.64457,8.940762
vestas,2000.0,95.0,110.0,9503.32,53.64457,8.940762
vestas,2000.0,95.0,110.0,9503.32,53.64457,8.940762
vestas,2000.0,95.0,110.0,9503.32,53.64457,8.940762
vestas,2000.0,95.0,110.0,9503.32,53.64457,8.940762
vestas,2000.0,95.0,110.0,9503.32,53.64457,8.940762
vestas,2000.0,95.0,110.0,9503.32,53.64457,8.940762
vestas,2000.0,95.0,110.0,9503.32,53.64457,8.940762
vestas,2000.0,95.0,110.0,9503.32,53.64457,8.940762
vestas,2000.0,95.0,110.0,9503.32,53.64457,8.940762
vestas,2000.0,95.0,110.0,9503.32,53.64457,8.940762
vestas,2000.0,95.0,110.0,9503.32,53.64457,8.940762
vestas,2000.0,95.0,110.0,9503.32,53.64457,8.940762
vestas,2000.0,95.0,110.0,9503.32,53.64457,8.940762
vestas,2000.0,95.0,110.0,9503.32,53.64457,8.940762
vestas,2000.0,95.0,110.0,9503.32,53.64457,8.940762
vestas,2000.0,95.0,110.0,9503.32,53.64457,8.940762
vestas,2000.0,95.0,110.0,9503.32,53.64457,8.940762
vestas,2000.0,95.0,110.0,9503.32,53.64457,8.940762
vestas,2000.0,95.0,110.0,9503.32,53.64457,8.940762
vestas,2000.0,95.0,110.0,9503.32,53.64457,8.940762
vestas,2000.0,95.0,110.0,9503.32,53.64457,8.940762
vestas,2000.0,95.0,110.0,9503.32,53.64457,8.940762
vestas,2000.0,95.0,110.0,9503.32,53.64457,8.940762
vestas,2000.0,95.0,110.0,9503.32,53.64457,8.940762
vestas,2000.0,95.0,110.0,9503.32,53.64457,8.940762
vestas,2000.0,95.0,110.0,9503.32,53.64457,8.940762
vestas,2000.0,95.0,110.0,9503.32,53.64457,8.940762
vestas,2000.0,95.0,110.0,9503.32,53.64457,8.940762
vestas,2000.0,95.0,110.0,9503.32,53.64457,8.940762
vestas,2000.0,95.0,110.0,9503.32,53.64457,8.940762
vestas,2000.0,95.0,110.0,9503.32,53.64457,8.940762
vestas,2000.0,95.0,110.0,9503.32,53.64457,8.940762
vestas,2000.0,95.0,110.0,9503.32,53.64457,8.940762
vestas,2000.0,95.0,110.0,9503.32,53.64457,8.940762
vestas,2000.0,95.0,110.0,9503.32,53.64457,8.940762
vestas,2000.0,95.0,110.0,9503.32,53.64457,8.940762
vestas,2000.0,95.0,110.0,9503.32,53.64457,8.940762
vestas,2000.0,95.0,110.0,9503.32,53.64457,8.940762
vestas,2200.0,95.0,110.0,9503.32,53.64457,8.940762
vestas,2200.0,95.0,110.0,9503.32,53.64457,8.940762
vestas,2200.0,95.0,110.0,9503.32,53.64457,8.940762
vestas,2200.0,95.0,110.0,9503.32,53.64457,8.940762
vestas,2200.0,95.0,110.0,9503.32,53.64457,8.940762
vestas,2200.0,95.0,110.0,9503.32,53.64457,8.940762
vestas,2200.0,95.0,110.0,9503.32,53.64457,8.940762
vestas,2200.0,95.0,110.0,9503.32,53.64457,8.940762
vestas,2200.0,95.0,110.0,9503.32,53.64457,8.940762
vestas,2200.0,95.0,110.0,9503.32,53.64457,8.940762
vestas,2200.0,95.0,110.0,9503.32,53.64457,8.940762
vestas,2000.0,95.0,110.0,9503.32,53.64457,8.940762
vestas,2000.0,95.0,110.0,9503.32,53.64457,8.940762
vestas,2200.0,95.0,110.0,9503.32,53.64457,8.940762
vestas,2200.0,95.0,110.0,9503.32,53.64457,8.940762
vestas,2200.0,95.0,110.0,9503.32,53.64457,8.940762
vestas,2000.0,95.0,110.0,9503.32,53.64457,8.940762
vestas,2200.0,95.0,110.0,9503.32,53.64457,8.940762
vestas,2200.0,95.0,110.0,9503.32,53.64457,8.940762
vestas,2200.0,95.0,110.0,9503.32,53.64457,8.940762
vestas,2200.0,95.0,110.0,9503.32,53.64457,8.940762
vestas,2200.0,95.0,110.0,9503.32,53.64457,8.940762
vestas,2200.0,95.0,110.0,9503.32,53.64457,8.940762
vestas,2200.0,95.0,110.0,9503.32,53.64457,8.940762
vestas,2200.0,95.0,110.0,9503.32,53.64457,8.940762
vestas,2200.0,95.0,110.0,9503.32,53.64457,8.940762
vestas,2000.0,95.0,110.0,9503.32,53.64457,8.940762
vestas,2200.0,95.0,110.0,9503.32,53.64457,8.940762
vestas,2200.0,95.0,110.0,9503.32,53.64457,8.940762
vestas,2200.0,95.0,110.0,9503.32,53.64457,8.940762
vestas,2200.0,95.0,110.0,9503.32,53.64457,8.940762
vestas,2200.0,95.0,110.0,9503.32,53.64457,8.940762
vestas,2200.0,95.0,110.0,9503.32,53.64457,8.940762
vestas,2200.0,95.0,110.0,9503.32,53.64457,8.940762
vestas,2000.0,95.0,110.0,9503.32,53.64457,8.940762
vestas,2200.0,95.0,110.0,9503.32,53.64457,8.940762
vestas,3075.0,94.0,112.0,9852.03,63.968414,10.661403
vestas,3075.0,94.0,112.0,9852.03,63.968414,10.661403
vestas,3075.0,94.0,112.0,9852.03,63.968414,10.661403
vestas,3075.0,94.0,112.0,9852.03,63.968414,10.661403
vestas,3075.0,94.0,112.0,9852.03,63.968414,10.661403
vestas,3075.0,94.0,112.0,9852.03,63.968414,10.661403
vestas,3075.0,94.0,112.0,9852.03,63.968414,10.661403
vestas,3075.0,94.0,112.0,9852.03,63.968414,10.661403
vestas,3075.0,94.0,112.0,9852.03,63.968414,10.661403
vestas,3075.0,94.0,112.0,9852.03,63.968414,10.661403
vestas,3075.0,94.0,112.0,9852.03,63.968414,10.661403
vestas,3075.0,94.0,112.0,9852.03,63.968414,10.661403
vestas,3075.0,94.0,112.0,9852.03,63.968414,10.661403
vestas,3075.0,94.0,112.0,9852.03,63.968414,10.661403
vestas,3075.0,94.0,112.0,9852.03,63.968414,10.661403
vestas,3075.0,94.0,112.0,9852.03,63.968414,10.661403
vestas,3075.0,94.0,112.0,9852.03,63.968414,10.661403
vestas,3075.0,94.0,112.0,9852.03,63.968414,10.661403
vestas,3075.0,94.0,112.0,9852.03,63.968414,10.661403
vestas,3075.0,94.0,112.0,9852.03,63.968414,10.661403
vestas,3075.0,94.0,112.0,9852.03,63.968414,10.661403
vestas,3075.0,94.0,112.0,9852.03,63.968414,10.661403
vestas,3075.0,94.0,112.0,9852.03,63.968414,10.661403
vestas,3075.0,94.0,112.0,9852.03,63.968414,10.661403
vestas,3075.0,94.0,112.0,9852.03,63.968414,10.661403
vestas,3075.0,94.0,112.0,9852.03,63.968414,10.661403
vestas,3075.0,94.0,112.0,9852.03,63.968414,10.661403
vestas,3075.0,94.0,112.0,9852.03,63.968414,10.661403
vestas,3075.0,94.0,112.0,9852.03,63.968414,10.661403
vestas,3075.0,94.0,112.0,9852.03,63.968414,10.661403
vestas,3075.0,94.0,112.0,9852.03,63.968414,10.661403
vestas,3075.0,94.0,112.0,9852.03,63.968414,10.661403
vestas,3075.0,94.0,112.0,9852.03,63.968414,10.661403
vestas,3075.0,94.0,112.0,9852.03,63.968414,10.661403
vestas,3075.0,94.0,112.0,9852.03,63.968414,10.661403
vestas,3075.0,94.0,112.0,9852.03,63.968414,10.661403
vestas,3075.0,94.0,112.0,9852.03,63.968414,10.661403
vestas,3075.0,94.0,112.0,9852.03,63.968414,10.661403
vestas,3075.0,94.0,112.0,9852.03,63.968414,10.661403
vestas,3075.0,94.0,112.0,9852.03,63.968414,10.661403
vestas,3075.0,94.0,112.0,9852.03,63.968414,10.661403
vestas,3075.0,94.0,112.0,9852.03,63.968414,10.661403
vestas,3075.0,94.0,112.0,9852.03,63.968414,10.661403
vestas,3075.0,94.0,112.0,9852.03,63.968414,10.661403
vestas,3075.0,94.0,112.0,9852.03,63.968414,10.661403
vestas,3075.0,94.0,112.0,9852.03,63.968414,10.661403
vestas,3075.0,94.0,112.0,9852.03,63.968414,10.661403
vestas,3075.0,94.0,112.0,9852.03,63.968414,10.661403
vestas,3075.0,94.0,112.0,9852.03,63.968414,10.661403
vestas,3075.0,94.0,112.0,9852.03,63.968414,10.661403
vestas,3075.0,94.0,112.0,9852.03,63.968414,10.661403
vestas,3075.0,94.0,112.0,9852.03,63.968414,10.661403
vestas,3075.0,94.0,112.0,9852.03,63.968414,10.661403
vestas,3075.0,94.0,112.0,9852.03,63.968414,10.661403
vestas,3075.0,94.0,112.0,9852.03,63.968414,10.661403
vestas,3075.0,94.0,112.0,9852.03,63.968414,10.661403
vestas,3075.0,94.0,112.0,9852.03,63.968414,10.661403
vestas,3075.0,94.0,112.0,9852.03,63.968414,10.661403
vestas,3075.0,94.0,112.0,9852.03,63.968414,10.661403
vestas,3075.0,94.0,112.0,9852.03,63.968414,10.661403
vestas,3075.0,94.0,112.0,9852.03,63.968414,10.661403
vestas,3075.0,94.0,112.0,9852.03,63.968414,10.661403
vestas,3075.0,94.0,112.0,9852.03,63.968414,10.661403
vestas,3075.0,94.0,112.0,9852.03,63.968414,10.661403
vestas,3075.0,94.0,112.0,9852.03,63.968414,10.661403
vestas,3075.0,94.0,112.0,9852.03,63.968414,10.661403
vestas,3075.0,94.0,112.0,9852.03,63.968414,10.661403
vestas,3075.0,94.0,112.0,9852.03,63.968414,10.661403
vestas,3075.0,94.0,112.0,9852.03,63.968414,10.661403
vestas,3075.0,94.0,112.0,9852.03,63.968414,10.661403
other,2100.0,93.0,114.0,10207.03,57.308514,9.551419
other,2100.0,93.0,114.0,10207.03,57.308514,9.551419
other,2100.0,93.0,114.0,10207.03,57.308514,9.551419
other,2100.0,93.0,114.0,10207.03,57.308514,9.551419
other,2100.0,93.0,114.0,10207.03,57.308514,9.551419
siemens gamesa renewable energy,2625.0,93.0,114.0,10207.03,63.09691,10.516151
siemens gamesa renewable energy,2625.0,93.0,114.0,10207.03,63.09691,10.516151
siemens gamesa renewable energy,2625.0,93.0,114.0,10207.03,63.09691,10.516151
siemens gamesa renewable energy,2625.0,93.0,114.0,10207.03,63.09691,10.516151
siemens gamesa renewable energy,2625.0,93.0,114.0,10207.03,63.09691,10.516151
siemens gamesa renewable energy,2625.0,93.0,114.0,10207.03,63.09691,10.516151
siemens gamesa renewable energy,2625.0,93.0,114.0,10207.03,63.09691,10.516151
siemens gamesa renewable energy,2625.0,93.0,114.0,10207.03,63.09691,10.516151
siemens gamesa renewable energy,2625.0,93.0,114.0,10207.03,63.09691,10.516151
siemens gamesa renewable energy,2625.0,93.0,114.0,10207.03,63.09691,10.516151
siemens gamesa renewable energy,2625.0,93.0,114.0,10207.03,63.09691,10.516151
other,2100.0,93.0,114.0,10207.03,57.308514,9.551419
other,2100.0,93.0,114.0,10207.03,57.308514,9.551419
other,2100.0,93.0,114.0,10207.03,57.308514,9.551419
other,2100.0,93.0,114.0,10207.03,57.308514,9.551419
other,2100.0,93.0,114.0,10207.03,57.308514,9.551419
other,2100.0,93.0,114.0,10207.03,57.308514,9.551419
other,2100.0,93.0,114.0,10207.03,57.308514,9.551419
other,2100.0,93.0,114.0,10207.03,57.308514,9.551419
other,2100.0,93.0,114.0,10207.03,57.308514,9.551419
other,2100.0,93.0,114.0,10207.03,57.308514,9.551419
other,2100.0,93.0,114.0,10207.03,57.308514,9.551419
other,2100.0,93.0,114.0,10207.03,57.308514,9.551419
siemens gamesa renewable energy,2625.0,93.0,114.0,10207.03,63.09691,10.516151
other,2100.0,93.0,114.0,10207.03,57.308514,9.551419
other,2100.0,93.0,114.0,10207.03,57.308514,9.551419
other,2100.0,93.0,114.0,10207.03,57.308514,9.551419
other,2100.0,93.0,114.0,10207.03,57.308514,9.551419
other,2100.0,93.0,114.0,10207.03,57.308514,9.551419
other,2100.0,93.0,114.0,10207.03,57.308514,9.551419
other,2100.0,93.0,114.0,10207.03,57.308514,9.551419
other,2100.0,93.0,114.0,10207.03,57.308514,9.551419
other,2100.0,93.0,114.0,10207.03,57.308514,9.551419
other,2100.0,93.0,114.0,10207.03,57.308514,9.551419
siemens gamesa renewable energy,2625.0,93.0,114.0,10207.03,63.09691,10.516151
other,2100.0,93.0,114.0,10207.03,57.308514,9.551419
other,2100.0,93.0,114.0,10207.03,57.308514,9.551419
other,2100.0,93.0,114.0,10207.03,57.308514,9.551419
other,2100.0,93.0,114.0,10207.03,57.308514,9.551419
other,2100.0,93.0,114.0,10207.03,57.308514,9.551419
other,2100.0,93.0,114.0,10207.03,57.308514,9.551419
other,2100.0,93.0,114.0,10207.03,57.308514,9.551419
other,2100.0,93.0,114.0,10207.03,57.308514,9.551419
other,2100.0,93.0,114.0,10207.03,57.308514,9.551419
other,2100.0,93.0,114.0,10207.03,57.308514,9.551419
siemens gamesa renewable energy,2625.0,93.0,114.0,10207.03,63.09691,10.516151
siemens gamesa renewable energy,2625.0,93.0,114.0,10207.03,63.09691,10.516151
ge wind,2500.0,80.0,116.0,10568.32,61.69039,10.281733
ge wind,2500.0,80.0,116.0,10568.32,61.69039,10.281733
ge wind,2500.0,80.0,116.0,10568.32,61.69039,10.281733
ge wind,2500.0,80.0,116.0,10568.32,61.69039,10.281733
ge wind,2500.0,80.0,116.0,10568.32,61.69039,10.281733
ge wind,2500.0,80.0,116.0,10568.32,61.69039,10.281733
ge wind,2500.0,80.0,116.0,10568.32,61.69039,10.281733
ge wind,2500.0,80.0,116.0,10568.32,61.69039,10.281733
ge wind,2500.0,80.0,116.0,10568.32,61.69039,10.281733
ge wind,2500.0,80.0,116.0,10568.32,61.69039,10.281733
ge wind,2500.0,80.0,116.0,10568.32,61.69039,10.281733
ge wind,2500.0,80.0,116.0,10568.32,61.69039,10.281733
ge wind,2500.0,80.0,116.0,10568.32,61.69039,10.281733
ge wind,2500.0,80.0,116.0,10568.32,61.69039,10.281733
ge wind,2500.0,80.0,116.0,10568.32,61.69039,10.281733
ge wind,2500.0,80.0,116.0,10568.32,61.69039,10.281733
ge wind,2500.0,80.0,116.0,10568.32,61.69039,10.281733
ge wind,2500.0,80.0,116.0,10568.32,61.69039,10.281733
ge wind,2500.0,80.0,116.0,10568.32,61.69039,10.281733
ge wind,2500.0,80.0,116.0,10568.32,61.69039,10.281733
ge wind,2500.0,80.0,116.0,10568.32,61.69039,10.281733
ge wind,2500.0,80.0,116.0,10568.32,61.69039,10.281733
ge wind,2500.0,80.0,116.0,10568.32,61.69039,10.281733
ge wind,2500.0,80.0,116.0,10568.32,61.69039,10.281733
ge wind,2500.0,80.0,116.0,10568.32,61.69039,10.281733
ge wind,2500.0,80.0,116.0,10568.32,61.69039,10.281733
ge wind,2500.0,80.0,116.0,10568.32,61.69039,10.281733
nordex,3675.0,91.0,117.0,10751.32,103.585075,17.26418
nordex,3675.0,91.0,117.0,10751.32,103.585075,17.26418
nordex,3675.0,91.0,117.0,10751.32,103.585075,17.26418
nordex,3675.0,91.0,117.0,10751.32,103.585075,17.26418
nordex,3675.0,91.0,117.0,10751.32,103.585075,17.26418
nordex,3675.0,91.0,117.0,10751.32,103.585075,17.26418
nordex,3675.0,91.0,117.0,10751.32,103.585075,17.26418
nordex,3675.0,91.0,117.0,10751.32,103.585075,17.26418
nordex,3675.0,91.0,117.0,10751.32,103.585075,17.26418
nordex,3675.0,91.0,117.0,10751.32,103.585075,17.26418
nordex,3675.0,91.0,117.0,10751.32,103.585075,17.26418
nordex,3675.0,91.0,117.0,10751.32,103.585075,17.26418
nordex,3675.0,91.0,117.0,10751.32,103.585075,17.26418
nordex,3675.0,91.0,117.0,10751.32,103.585075,17.26418
nordex,3675.0,91.0,117.0,10751.32,103.585075,17.26418
nordex,3675.0,91.0,117.0,10751.32,103.585075,17.26418
nordex,3675.0,91.0,117.0,10751.32,103.585075,17.26418
nordex,3675.0,91.0,117.0,10751.32,103.585075,17.26418
nordex,3675.0,91.0,117.0,10751.32,103.585075,17.26418
nordex,3675.0,91.0,117.0,10751.32,103.585075,17.26418
nordex,3675.0,91.0,117.0,10751.32,103.585075,17.26418
nordex,3675.0,91.0,117.0,10751.32,103.585075,17.26418
nordex,3675.0,91.0,117.0,10751.32,103.585075,17.26418
nordex,3675.0,91.0,117.0,10751.32,103.585075,17.26418
nordex,3675.0,91.0,117.0,10751.32,103.585075,17.26418
nordex,3675.0,91.0,117.0,10751.32,103.585075,17.26418
nordex,3675.0,91.0,117.0,10751.32,103.585075,17.26418
siemens gamesa renewable energy,4500.0,107.5,145.0,16513.0,125.50648,20.917747
siemens gamesa renewable energy,4500.0,107.5,145.0,16513.0,125.50648,20.917747
siemens gamesa renewable energy,4500.0,107.5,145.0,16513.0,125.50648,20.917747
siemens gamesa renewable energy,4500.0,107.5,145.0,16513.0,125.50648,20.917747
siemens gamesa renewable energy,4500.0,107.5,145.0,16513.0,125.50648,20.917747
siemens gamesa renewable energy,4500.0,107.5,145.0,16513.0,125.50648,20.917747
siemens gamesa renewable energy,4500.0,107.5,145.0,16513.0,125.50648,20.917747
siemens gamesa renewable energy,4500.0,107.5,145.0,16513.0,125.50648,20.917747
siemens gamesa renewable energy,4500.0,107.5,145.0,16513.0,125.50648,20.917747
siemens gamesa renewable energy,4500.0,107.5,145.0,16513.0,125.50648,20.917747
siemens gamesa renewable energy,4500.0,107.5,145.0,16513.0,125.50648,20.917747
siemens gamesa renewable energy,4500.0,107.5,145.0,16513.0,125.50648,20.917747
siemens gamesa renewable energy,4500.0,107.5,145.0,16513.0,125.50648,20.917747
siemens gamesa renewable energy,4500.0,107.5,145.0,16513.0,125.50648,20.917747
siemens gamesa renewable energy,4500.0,107.5,145.0,16513.0,125.50648,20.917747
other,100.0,,,,4.0142393,0.6690399
other,,,,,4.0142393,0.6690399
other,,,,,4.0142393,0.6690399
other,,,,,4.0142393,0.6690399
other,,,,,4.0142393,0.6690399
other,,,,,4.0142393,0.6690399
other,,,,,4.0142393,0.6690399
other,,,,,4.0142393,0.6690399
other,,,,,4.0142393,0.6690399
other,,,,,4.0142393,0.6690399
other,,,,,4.0142393,0.6690399
other,,,,,4.0142393,0.6690399
other,,,,,4.0142393,0.6690399
other,,,,,4.0142393,0.6690399
